Utilisateur_ID, Pseudo, Email, Password, Biographie, Date_inscription, Historique_Id, Publication_Id, Association_Id, Personne_Id, Lieu_Id, Artistes_Id, Playlist_Id
1, 'patelryan', 'butleraudrey@example.org', '8L1Oeq4$K^', 'Onto most staff thing they party project. Pick ahead lawyer both become month wife benefit. Girl hair deal begin rest major learn.', '2023-07-16', 240, 118, 101, 9, 5, 83, 16
2, 'curtisapril', 'robertmcgrath@example.com', '&rLg4Cgx+8', 'Place energy issue evening artist our thus. The despite wind soon present find standard article. Ok together ok serve level political woman.', '2023-06-27', 167, 80, 106, 14, 2, 23, 5
8, 'jonstevens', 'shane52@example.com', 'P
12, 'laura26', 'angela49@example.net', 'eG!1hIjhRu', 'Special to staff difficult school. Ago nice room happy. World surface building for above color organization.', '2023-12-26', 46, 246, 107, 56, 6, 46, 7
15, 'njimenez', 'langscott@example.org', 'A#90GEal!M', 'Give church where before man government support it. Step side clear environmental either ok environmental various. Send also upon entire color movie north would.', '2023-07-07', 230, 34, 110, 48, 7, 74, 17
16, 'johnmcfarland', 'jameszuniga@example.com', 'zB0y$!Mq
19, 'smithshane', 'john71@example.net', 'M
"HK8Zb', 'Soon tax one. Across hotel enter child town best field. Create account daughter over partner final.', '2024-01-24', 164, 128, 107, 51, 7, 98, 10"
20, 'thomaskayla', 'michaeldecker@example.net', '@jNHoFy$6t', 'Adult establish month song. As Democrat reason attention really avoid husband another. Practice various during do what learn argue. Choose sell effort financial task.', '2023-07-24', 224, 204, 102, 34, 7, 68, 14
21, 'stephaniecastro', 'walkerkathryn@example.com', '^5(cM7(0my', 'Year sort night. Knowledge few table begin owner general employee and. Democrat on protect husband.', '2023-11-10', 205, 220, 102, 21, 1, 64, 12
24, 'jacksonrobert', 'maldonadochristopher@example.com', '^4d57A&5ea', 'Religious company policy drive behavior. Almost seem star quickly those quite factor. Wonder audience deal article else such feeling.', '2023-11-02', 109, 107, 103, 51, 3, 72, 24
25, 'jennifer82', 'charleskrueger@example.org', '1t7LLGvf
26, 'baileyandrea', 'juliephillips@example.com', 'DT5%BjWNE*', 'Past kind trade hear official individual name like. Break analysis customer property guess south season.', '2024-03-07', 236, 98, 103, 47, 10, 98, 9
27, 'reneejackson', 'michaeldurham@example.com', '$+50pDUw&T', 'Simply father hundred drop benefit million chance. Sense discuss response.', '2023-09-18', 46, 110, 108, 37, 3, 17, 29
28, 'jonestiffany', 'thompsonleonard@example.net', '&5XeiKm!ug', 'Life year leg sing maybe international. Them another history artist president thus. When next behavior million fine wrong.', '2023-11-13', 216, 25, 102, 36, 10, 81, 7
31, 'villanuevasara', 'herreraarthur@example.org', 'gS7wKeE_Z(', 'Since wide scene husband of. Popular somebody do pay. Exactly hand performance always leader reason hot. Production foot prepare fly box case.', '2024-02-05', 86, 70, 105, 31, 9, 25, 11
34, 'sarasingleton', 'xgallagher@example.org', '6r2@LNyb^%', 'Full simply truth including require west probably. Together inside fall so family clearly. Travel big specific whether attention fund only again.', '2024-01-16', 155, 162, 108, 23, 5, 57, 13
35, 'ncox', 'njohnson@example.com', '4Ny0R2MjB#', 'Hour military but simply myself allow. Fast skin after throughout. Report truth company.', '2023-08-02', 208, 173, 109, 39, 1, 17, 18
36, 'millerhoward', 'rpayne@example.org', '#0PN4nffez', 'Require president partner little education determine. Suffer financial office stock.', '2023-08-02', 162, 161, 107, 3, 4, 59, 14
39, 'deckervictor', 'angelatrujillo@example.com', '
41, 'spencesteven', 'marissagonzalez@example.org', '&%G1ssXk3s', 'Air charge allow every recently certain move. Lead animal hand window simply effect consumer. Article itself field. Fill threat up begin join science official.', '2023-07-23', 2, 190, 100, 41, 9, 68, 23
42, 'jonesmichelle', 'megan26@example.com', 'e_IMT6yE+8', 'Issue unit give huge. Try six war air practice television which find. Own idea simply nearly.', '2023-05-17', 48, 60, 101, 45, 3, 54, 12
43, 'brianmurphy', 'spencer18@example.com', '*1(uyKhNfy', 'Individual attorney speak though matter. Project finally meeting war car low concern stop.', '2023-08-23', 233, 0, 109, 4, 1, 13, 14
46, 'jessica66', 'elizabethcarter@example.net', 'e6smyOQw%C', 'Sense alone picture memory store bad computer. Fish kind beautiful beautiful Congress Mr growth send.', '2023-10-30', 28, 200, 107, 20, 4, 91, 6
47, 'espinozatara', 'poncemegan@example.org', '^3AvjyHopq', 'Parent rock than country hour sing. Tonight friend student mission one beautiful audience. This enough glass remain. Perform material reason property voice great.', '2023-11-29', 30, 189, 109, 37, 7, 67, 30
49, 'kurttownsend', 'fischerbonnie@example.net', '(M#1vaIb&_', 'Arm brother others perform old so become. Town data situation direction push hundred suddenly.', '2023-08-30', 267, 14, 110, 25, 4, 73, 16
50, 'valerie36', 'lindseythompson@example.com', '19NMcFu^$e', 'Age somebody offer simply security fish clearly. Better alone according station remember ball. Need fill contain expert degree.', '2023-06-08', 288, 112, 101, 13, 2, 19, 3
52, 'zroach', 'bradleyjenkins@example.org', 'DX#4FTp6QI', 'Near role pressure matter buy take hour. Expert Democrat television care. Nothing cost big.', '2024-01-26', 252, 212, 103, 22, 5, 46, 4
54, 'uwilson', 'deniseguzman@example.com', 'M
55, 'garymayer', 'jennifer54@example.net', '4&jo9JnxQ%', 'Write federal town skin. Coach language prove.', '2023-07-12', 259, 209, 110, 9, 7, 61, 1
59, 'destiny12', 'youngmegan@example.net', '&7(6L4n@rt', 'Care four later second employee training most plant. Issue move how majority entire wonder staff car. Same support particular worker study participant may story.', '2023-06-25', 176, 248, 100, 8, 7, 80, 18
60, 'justinbailey', 'debrasanchez@example.org', '*3$INQAtkU', 'Parent stay threat gun direction party magazine. Car method yet Mrs music or suffer. Majority spend life grow field offer under.', '2023-12-21', 108, 216, 101, 14, 3, 61, 7
61, 'daniel55', 'haynesronald@example.org', 'j2*f5YwW6!', 'Election foot nothing tree much doctor. Floor project want lawyer color reflect. Describe firm late open wrong gun region.', '2023-06-16', 68, 224, 110, 10, 7, 93, 8
63, 'mayala', 'mberg@example.org', '$LA2B!8tu7', 'Wind summer generation floor writer. Morning ball and economy create doctor party three.', '2023-07-25', 185, 202, 105, 44, 5, 48, 8
64, 'jerry34', 'garciaaustin@example.org', '+4$W
65, 'zachary18', 'brandon30@example.com', '^DO0M
66, 'nicholaslawrence', 'mullinsdaniel@example.net', 'F4(B2U%voY', 'Major training affect court son lawyer church. Production different state term reality item standard. Conference policy however team clear make.', '2023-10-11', 65, 171, 110, 30, 5, 46, 3
68, 'ysantos', 'dana90@example.org', 'c9K8Nu$(+0', 'White career especially foreign day admit. Work also month. Term significant others increase stuff score.', '2023-11-07', 79, 197, 107, 58, 2, 93, 24
69, 'amygregory', 'ylee@example.net', '@1TgVUsg^@', 'Decide even professor offer really when. Off why price billion somebody happen. Last tend nearly example.', '2024-03-12', 267, 189, 100, 6, 4, 66, 11
70, 'grantjoseph', 'tsantos@example.org', '$&(95Xb@B@', 'Career upon method keep example history. Tv exactly people. Country especially thousand front.', '2023-08-04', 257, 155, 105, 42, 1, 25, 26
71, 'nbrewer', 'courtney39@example.com', 'u1(Ep8yX+x', 'View rather note million case. These almost keep middle ready sport out. Black individual true billion food.', '2023-05-19', 274, 168, 105, 52, 6, 35, 2
73, 'kfrench', 'kylie20@example.net', '_pw#1Nwhj4', 'Thousand always approach decision daughter building. Go candidate voice mother treatment letter opportunity. Clear do rather fill late appear.', '2023-06-04', 218, 167, 108, 14, 4, 34, 30
74, 'ronaldleon', 'williamsonmaria@example.net', '+tl0Pdsa
76, 'robert75', 'dburns@example.net', '&1vr#Ww%qn', 'Final pass bed push resource. College itself everybody but man interest. Movement kind alone ago.', '2023-09-04', 41, 149, 101, 54, 9, 73, 20
78, 'zmills', 'riveranancy@example.com', '6
80, 'dianescott', 'ronald22@example.com', '
81, 'meganbeltran', 'andrewgarcia@example.com', '+86!7Kt3lV', 'Exactly general above discussion detail base hot. Build alone newspaper cause could. Mr decision shoulder economic fill.', '2023-07-19', 228, 108, 110, 18, 4, 58, 25
82, 'pattersontaylor', 'grantleblanc@example.net', 'r
"vX', 'Series cost top little. Store organization use your serve gas as. As concern I where tell.', '2023-10-15', 11, 16, 108, 3, 1, 96, 20"
83, 'rachelsparks', 'xcook@example.org', '+_+hCPzyn7', 'Mr peace growth model sit that nearly democratic. Fast anything allow name. Goal during buy sister situation receive truth. Reality civil everybody never hair wear.', '2023-12-22', 4, 180, 108, 7, 6, 91, 15
85, 'ellenlarson', 'caldwellnicole@example.net', '^t4s!Jwb*3', 'American friend team. Bed before collection suddenly wish. Service return idea writer.', '2023-10-14', 112, 28, 100, 29, 9, 1, 24
87, 'murraynicholas', 'crawfordlaura@example.net', 'x^2yTD*xG3', 'Fear according throw spend. Even many course why save tend his. Value thought various pressure news parent. Animal star building store win increase.', '2024-02-18', 171, 144, 107, 29, 8, 48, 23
90, 'robbinskevin', 'jeffery94@example.com', '##6K1rN16l', 'Mouth now bad movement already child. Save nation young can weight number state.', '2023-09-24', 206, 126, 110, 45, 6, 31, 29
96, 'khawkins', 'darleneanderson@example.com', 'gP5JXQtw!&', 'Item together especially dog friend own. Under find nation wide government name worker note. Property small perhaps help.', '2023-05-04', 97, 95, 109, 11, 9, 5, 9
105, 'amanda22', 'asmith@example.com', '^^^V7VAsoA', 'Rise man thousand accept special figure tonight. Question there better style seat red. Security kid travel store mention wait.', '2024-01-25', 121, 214, 108, 50, 4, 8, 16
107, 'blakedesiree', 'hardydawn@example.net', 'w3CbAkE
108, 'tatejessica', 'panderson@example.com', '!6dPEEbfz
109, 'thomasgerald', 'martinezcaitlin@example.net', 'wR6WTtjuL%', 'Argue including party indeed condition father quality. Building agreement follow movement glass. Account wall maintain share professor explain. Best she responsibility ask.', '2023-10-19', 177, 181, 106, 36, 1, 78, 17
112, 'carlahendricks', 'tjones@example.net', '#xXFy*cZO8', 'Rather season game year blue might avoid. Man nor determine share. Learn position finally audience.', '2023-10-21', 73, 221, 103, 3, 10, 3, 21
116, 'christopher28', 'xwilliams@example.org', '5M90B*Wj+4', 'Outside lawyer production century owner wrong use follow. Join far side go simple discuss beat. Major fish hot her system opportunity.', '2023-07-03', 24, 159, 104, 6, 5, 23, 29
117, 'parksmary', 'carterdeborah@example.com', 'i3%A3AGt3E', 'Adult if of rich media state. Fill president executive beat participant beyond. Risk research whom throw officer join early.', '2023-12-17', 59, 210, 106, 58, 4, 54, 25
118, 'edward16', 'michael85@example.com', 'fh*m6YXlGZ', 'Race thus spend both measure fly. Wonder style forward attorney meet floor. Politics rule such charge home ground fast.', '2023-08-16', 247, 150, 106, 14, 2, 98, 5
120, 'william78', 'richardreed@example.net', '5CBD+*pf
121, 'vsmall', 'millsbrittney@example.org', 'J1rGd&*k_l', 'Increase government safe friend. Benefit car poor question general suddenly. Benefit control cover consider.', '2024-03-16', 43, 235, 108, 43, 2, 4, 17
123, 'millerjody', 'melanie02@example.net', 'zzM2Idrq$3', 'Doctor attack mean person business difference body. While tonight green kind. Purpose quite then agreement view.', '2023-05-11', 124, 218, 110, 12, 8, 90, 14
124, 'angelawatson', 'carlos06@example.org', '+#T4A8bmaO', 'Second current present nice wait year main. Computer sort better new open wind practice.', '2023-10-16', 236, 35, 110, 15, 1, 86, 14
125, 'hreese', 'josephwoodard@example.org', '%5
126, 'larryhernandez', 'nmontgomery@example.net', '
"Oi(pNBB2', 'Black religious program none goal. Threat ability positive pick consumer. East my carry field. Speech assume Democrat whom kid.', '2023-08-31', 118, 57, 108, 29, 6, 16, 17"
127, 'lstanley', 'wwelch@example.com', '9Bc
128, 'mitchell39', 'simmonsmegan@example.net', 'Zp
129, 'robin86', 'sandralittle@example.org', 'H1B1zIvB+$', 'Moment pretty a least space woman goal. Morning next part wish hair finish. Likely fast security physical interview at.', '2023-11-16', 99, 91, 100, 30, 10, 54, 29
130, 'ryan28', 'fhodges@example.com', '$8
132, 'nicole60', 'seth33@example.org', 'jp#17N3v4+', 'Then coach machine boy usually responsibility. Air include recently special piece pay. Glass hand financial organization miss treatment seek.', '2023-09-25', 155, 62, 105, 57, 2, 89, 16
134, 'greenchristina', 'denise41@example.org', '_*W3(@Elkr', 'Police stand son top. Issue century chance key training trouble skin. White professional build. Radio light bill administration.', '2023-08-12', 279, 98, 109, 49, 4, 74, 19
136, 'powersconnie', 'chad42@example.net', '*d
137, 'gstanton', 'floressteven@example.org', '@(3EWQwpx7', 'Audience worry him evening learn note. Into perhaps effort health yet them meet. Population us together risk director those evening identify.', '2023-08-16', 188, 222, 105, 19, 7, 55, 28
138, 'xsosa', 'yjacobs@example.org', '+M8QWix0c2', 'Party middle physical clearly second career total. Television act control building send. Say church cost lawyer life provide site.', '2023-05-08', 8, 75, 109, 11, 9, 81, 24
140, 'ramirezcarla', 'ryan20@example.com', '&49$0KTz7
142, 'rebecca54', 'spineda@example.com', 'd%r4MRdU(0', 'Base drug risk technology church fill. Read image everything activity bar finally science. Order increase either something arrive director.', '2023-07-31', 70, 170, 103, 16, 3, 67, 20
144, 'mary80', 'tonyawatkins@example.com', 'i96Is%mZ##', 'Pm forget someone wife military reduce western. Perform plan newspaper quickly baby lead.', '2023-08-07', 295, 206, 102, 16, 5, 74, 25
145, 'charlesrogers', 'graybenjamin@example.org', '$E
147, 'trevorcollins', 'karenbryant@example.net', '
